domain,direction,source_id,source_text,target_text,semantic_cosine,semantic_flag_low
medical,en->fj,medical|medical_misc|1a19128e35a7,Private doctors approved by the Ministry can also provide medical certificates for self-isolation.,Na vuniwai taucoko era sa vakadonuya na matanitu e rawa tale ga ni solia na ivola ni tiko vakatikitiki e vale.,-0.20704156,True
medical,fj->en,medical|medical_misc|1a19128e35a7,Na vuniwai taucoko era sa vakadonuya na matanitu e rawa tale ga ni solia na ivola ni tiko vakatikitiki e vale.,Private doctors approved by the Ministry can also provide medical certificates for self-isolation.,-0.20704156,True
legal,fj->en,constitution|109(13),na matabose me na solia wasoma na itukutuku kei na vakasala i na palimedi me baleta na nona itavi kei na kena qaravi.,the commission shall provide regular updates and advice to parliament on any matter relating to its functions and responsibilities.,-0.18444723,True
legal,en->fj,constitution|109(13),the commission shall provide regular updates and advice to parliament on any matter relating to its functions and responsibilities.,na matabose me na solia wasoma na itukutuku kei na vakasala i na palimedi me baleta na nona itavi kei na kena qaravi.,-0.18444723,True
legal,en->fj,constitution|150(3)(c),all transactions with or concerning the public money or public property of the state.,itukutuku vakailavo kece baleta na ilavo se iyau ni matanitu.,-0.181692,True
legal,fj->en,constitution|150(3)(c),itukutuku vakailavo kece baleta na ilavo se iyau ni matanitu.,all transactions with or concerning the public money or public property of the state.,-0.181692,True
legal,en->fj,constitution|150(10),"the auditor-general shall have control of the budget and finances of the office of the auditor-general, as approved by parliament.","na daunifika levu me na vakatulewataka na ituvatuva vakailavo ni valenivolavola ni daunifika levu, me vaka e sa vakadonui mai palimedi.",-0.16455719,True
legal,fj->en,constitution|150(10),"na daunifika levu me na vakatulewataka na ituvatuva vakailavo ni valenivolavola ni daunifika levu, me vaka e sa vakadonui mai palimedi.","the auditor-general shall have control of the budget and finances of the office of the auditor-general, as approved by parliament.",-0.16455719,True
legal,en->fj,constitution|123(d),"efficient, effective and economic use of public resources;",vakayagataki vakamatau ni iyau ni matanitu;,-0.16126382,True
legal,fj->en,constitution|123(d),vakayagataki vakamatau ni iyau ni matanitu;,"efficient, effective and economic use of public resources;",-0.16126381,True
medical,fj->en,medical|medical_misc|55b18dd0c23d,Na vuniwai taucoko e rawa ni solia na ivola ni tauvimate.,Private doctors can issue certificates.,-0.15522175,True
medical,en->fj,medical|medical_misc|55b18dd0c23d,Private doctors can issue certificates.,Na vuniwai taucoko e rawa ni solia na ivola ni tauvimate.,-0.15522175,True
dictionary,fj->en,dictionary|dictionary_parallel_fj2en|0003271,tourists,"now are insufficiently fired to be strong enough to contain water. some water pots were not glazed, to allow evaporation that kept the water cool. the only fanciful pots have been small water",-0.14954707,True
legal,en->fj,constitution|90(3)(i)(ii),is qualified to be a candidate for election to parliament under section .,e rawa ni mata ena veidigidigi ena palimedi me vaka e virikotori ena tikina .,-0.14672086,True
legal,fj->en,constitution|90(3)(i)(ii),e rawa ni mata ena veidigidigi ena palimedi me vaka e virikotori ena tikina .,is qualified to be a candidate for election to parliament under section .,-0.14672086,True
legal,fj->en,constitution|90(4),na mataveilewai e cake e tu vua na kaukauwa me vakatulewa ena dua na kisi me baleta na yavunivakavulewa qo se na kena vakadewataki.,the high court also has original jurisdiction in any matter arising under this,-0.14341316,True
legal,en->fj,constitution|90(4),the high court also has original jurisdiction in any matter arising under this,na mataveilewai e cake e tu vua na kaukauwa me vakatulewa ena dua na kisi me baleta na yavunivakavulewa qo se na kena vakadewataki.,-0.14341316,True
legal,en->fj,constitution|8(2),"every citizen has the right to apply for and be issued a passport or similar travel document, in accordance with any condition prescribed by written law.","na tamata yadua e bulia tiko e dua na lawasau, se tabaka e dua na ivola e tiko kina na kaukauwa vakalawa e dodonu me solia e dua na gauna mera vakaitavi na lewenivanua ena kena buli kei na raicilesu na tikinilawa ni se bera ni tabaki. kaukauwa ni palimedi me baleta na veidinadinati kei na veimatanitu",-0.14305949,True
legal,fj->en,constitution|8(2),"na tamata yadua e bulia tiko e dua na lawasau, se tabaka e dua na ivola e tiko kina na kaukauwa vakalawa e dodonu me solia e dua na gauna mera vakaitavi na lewenivanua ena kena buli kei na raicilesu na tikinilawa ni se bera ni tabaki. kaukauwa ni palimedi me baleta na veidinadinati kei na veimatanitu","every citizen has the right to apply for and be issued a passport or similar travel document, in accordance with any condition prescribed by written law.",-0.14305949,True
legal,en->fj,constitution|150(9),"parliament shall ensure that adequate funding and resources are made available to the auditor-general, to enable him or her to independently and effectively exercise his or her powers and perform his or her functions and duties.","na palimedi me vakadeitaka ni na vakarautaki e dua na ivotavota vakailavo vua na daunifika levu, me rawa ni vakatulewa ka qarava ga vakaikoya na nona itavi.",-0.14070182,True
legal,fj->en,constitution|150(9),"na palimedi me vakadeitaka ni na vakarautaki e dua na ivotavota vakailavo vua na daunifika levu, me rawa ni vakatulewa ka qarava ga vakaikoya na nona itavi.","parliament shall ensure that adequate funding and resources are made available to the auditor-general, to enable him or her to independently and effectively exercise his or her powers and perform his or her functions and duties.",-0.14070182,True
legal,en->fj,constitution|90(5),"the high court has jurisdiction, subject to conferral by written law of rights of appeal and to such requirements as may be prescribed by written law, to hear and determine appeals from all judgments of the magistrates court and other subordinate courts.","na mataveilewai e cake e tu vua na kaukauwa, ia ena kena vakadeitaki mai na lawa tabaki, me na rogoca tale ka vakatulewa ena kisi e kau cake mai na mataveilewai e ra kei na vei mataveilewai lalai tale e so.",-0.13714156,True
legal,fj->en,constitution|90(5),"na mataveilewai e cake e tu vua na kaukauwa, ia ena kena vakadeitaki mai na lawa tabaki, me na rogoca tale ka vakatulewa ena kisi e kau cake mai na mataveilewai e ra kei na vei mataveilewai lalai tale e so.","the high court has jurisdiction, subject to conferral by written law of rights of appeal and to such requirements as may be prescribed by written law, to hear and determine appeals from all judgments of the magistrates court and other subordinate courts.",-0.13714156,True
legal,en->fj,constitution|40,environmental rights,dodonu ni tamata me baleta na veikabula,-0.13392295,True
legal,fj->en,constitution|40,dodonu ni tamata me baleta na veikabula,environmental rights,-0.13392295,True
legal,fj->en,constitution|120,mataveivaqaqai ni kudru ni cakacaka vakamatanitu,public service disciplinary tribunal,-0.13176952,True
legal,en->fj,constitution|120,public service disciplinary tribunal,mataveivaqaqai ni kudru ni cakacaka vakamatanitu,-0.13176948,True
legal,en->fj,constitution|109(16),"the salaries, benefits and allowances payable to any person employed in the commission are a charge on the consolidated fund.","na isau, idole kei na oco, e saumi vua na lewenimatabose me tauri mai na umailavo cokovata ni matanitu.",-0.12793532,True
legal,fj->en,constitution|109(16),"na isau, idole kei na oco, e saumi vua na lewenimatabose me tauri mai na umailavo cokovata ni matanitu.","the salaries, benefits and allowances payable to any person employed in the commission are a charge on the consolidated fund.",-0.12793532,True
legal,fj->en,constitution|124(4),na matabose me na solia wasoma na itukutuku kei na ivakasala vua na palimedi me baleta na nona itavi kei na kena qaravi.,the commission shall provide regular updates and advice to parliament on any matter relating to its functions and responsibilities.,-0.12689142,True
legal,en->fj,constitution|124(4),the commission shall provide regular updates and advice to parliament on any matter relating to its functions and responsibilities.,na matabose me na solia wasoma na itukutuku kei na ivakasala vua na palimedi me baleta na nona itavi kei na kena qaravi.,-0.12689142,True
legal,en->fj,constitution|90(7)(b),such other magistrates as are appointed by the judicial services commission.,ira tale na daunilewa ni mataveilewai e ra era digitaki mai na matabose veiqaravi ni mataveilewai.,-0.12612367,True
legal,fj->en,constitution|90(7)(b),ira tale na daunilewa ni mataveilewai e ra era digitaki mai na matabose veiqaravi ni mataveilewai.,such other magistrates as are appointed by the judicial services commission.,-0.12612367,True
medical,en->fj,medical|medical_misc|bef554251daf,The booklet covers brain health and risk reduction.,E vakamacalataki talega ena ivola na bulabula ni mona kei na kena vakalailaitaki na vakatarausui ni mate.,-0.12453007,True
medical,fj->en,medical|medical_misc|bef554251daf,E vakamacalataki talega ena ivola na bulabula ni mona kei na kena vakalailaitaki na vakatarausui ni mate.,The booklet covers brain health and risk reduction.,-0.12453007,True
legal,en->fj,constitution|150(2)(b),expenditure has been applied to the purpose for which it was authorised.,inaki ni kena vakayagataki na ilavo me vaka sa vakadonui taumada.,-0.12448497,True
legal,fj->en,constitution|150(2)(b),inaki ni kena vakayagataki na ilavo me vaka sa vakadonui taumada.,expenditure has been applied to the purpose for which it was authorised.,-0.12448497,True
legal,en->fj,constitution|109(4),the members of the commission shall be appointed for a term of years and shall be eligible for re-appointment.,na lewenimatabose ena veiqaravi me na yabaki ka rawa ni digitaki tale me veiqaravi.,-0.12154327,True
legal,fj->en,constitution|109(4),na lewenimatabose ena veiqaravi me na yabaki ka rawa ni digitaki tale me veiqaravi.,the members of the commission shall be appointed for a term of years and shall be eligible for re-appointment.,-0.12154327,True
dictionary,fj->en,dictionary|dictionary_parallel_fj2en|0006195,that time,a fair number of men owned no shirt and no sandals and most men wore a isulu rather than trousers.,-0.11297283,True
dictionary,fj->en,dictionary|dictionary_parallel_fj2en|0007539,housewives,boil down lard to use cooking fat because it is cheaper than commercial brands of,-0.112027474,True
medical,en->fj,medical|medical_misc|bd03ce544cc6,Monitor high-risk individuals closely.,Vakaraica vakavinaka o ira era tiko ena iwasewase ni rerevaki vakalevu.,-0.11027908,True
medical,fj->en,medical|medical_misc|bd03ce544cc6,Vakaraica vakavinaka o ira era tiko ena iwasewase ni rerevaki vakalevu.,Monitor high-risk individuals closely.,-0.11027908,True
legal,fj->en,constitution|109(12)(c),"na isau, idole kei na oco me saumi, e dodonu me veiganiti kei na ivotavota vakailavo e vakadonuya na palimedi; kei na","the salaries, benefits and allowances payable, in accordance with its budget as approved by parliament; and",-0.109729975,True
legal,en->fj,constitution|109(12)(c),"the salaries, benefits and allowances payable, in accordance with its budget as approved by parliament; and","na isau, idole kei na oco me saumi, e dodonu me veiganiti kei na ivotavota vakailavo e vakadonuya na palimedi; kei na",-0.109729975,True
legal,fj->en,constitution|52(2)(b),e volai ena ivola ni volayaca ni veidigidigi;,is registered on the register of voters;,-0.108415104,True
legal,en->fj,constitution|52(2)(b),is registered on the register of voters;,e volai ena ivola ni volayaca ni veidigidigi;,-0.108415075,True
dictionary,fj->en,dictionary|dictionary_parallel_fj2en|0006941,especially,"on koro island but also elsewhere. on bau island the butoni had constructed the council house called naulunivuaka, with a separate door for each of their tribes.",-0.10226697,True
legal,en->fj,constitution|80(4),the president shall open each annual session of parliament with an address outlining the policies and programmes of the government. president acts on advice,na peresitedi me dolava na imatai ni bose ni palimedi ka vakamacalataka na polisi kei na ituvatuva ni matanitu ena veiyabaki. peresitedi e vakatulewa ena ivakasala,-0.09803787,True
legal,fj->en,constitution|80(4),na peresitedi me dolava na imatai ni bose ni palimedi ka vakamacalataka na polisi kei na ituvatuva ni matanitu ena veiyabaki. peresitedi e vakatulewa ena ivakasala,the president shall open each annual session of parliament with an address outlining the policies and programmes of the government. president acts on advice,-0.09803787,True
legal,en->fj,constitution|114,independent legal services commission,matabose ni lawa tuvakaikoya,-0.097466834,True
legal,fj->en,constitution|114,matabose ni lawa tuvakaikoya,independent legal services commission,-0.09746677,True
dictionary,fj->en,dictionary|dictionary_parallel_fj2en|0005065,adult,"shark meat is soft and relatively tasteless, except for the mako shark where the flesh is firm and white, rather like the swordfish. shark flesh has been reported as occasionally poisonous but more often ,",-0.096189596,True
legal,fj->en,constitution|82(2),"ena vuku ni wasetiki (), ena kena vakadeitaki nona digitaki se tosoi na nona veiqaravi e dua, ena vakabau na nona veiqaravi taumada ni se bera ni taurivaki na","for the purposes of subsection (), in determining whether a person is eligible for appointment or re-appointment, any period served before the commencement of this",-0.0941339,True
legal,en->fj,constitution|82(2),"for the purposes of subsection (), in determining whether a person is eligible for appointment or re-appointment, any period served before the commencement of this","ena vuku ni wasetiki (), ena kena vakadeitaki nona digitaki se tosoi na nona veiqaravi e dua, ena vakabau na nona veiqaravi taumada ni se bera ni taurivaki na",-0.0941339,True
legal,fj->en,constitution|70(9),"na isau, idole kei na oco me soli vua na vunivola levu ni palimedi kei ira na vakailesilesi ni palimedi me saumi mai ena umailavo cokovata ni matanitu.","the salaries, benefits and allowances payable to the secretary-general to parliament and any person employed in parliament are a charge on the consolidated fund.",-0.094124585,True
legal,en->fj,constitution|70(9),"the salaries, benefits and allowances payable to the secretary-general to parliament and any person employed in parliament are a charge on the consolidated fund.","na isau, idole kei na oco me soli vua na vunivola levu ni palimedi kei ira na vakailesilesi ni palimedi me saumi mai ena umailavo cokovata ni matanitu.",-0.094124585,True
dictionary,fj->en,dictionary|dictionary_parallel_fj2en|0008813,trees,are often used.) fijians had never cultivated it and they never used it in body oil before contact,-0.09299204,True
legal,fj->en,constitution|90(3),na mataveilewai e cake e tu vua na kaukauwa me rogoca na kisi taucoko me vaka e virikotori ena yavunivakavulewa qo se na lawa tabaki tale e so.,the high court has unlimited original jurisdiction to hear and determine any civil or criminal proceedings under any law and such other original jurisdiction as is conferred on it under this constitution or any written law.,-0.09209524,True
legal,en->fj,constitution|90(3),the high court has unlimited original jurisdiction to hear and determine any civil or criminal proceedings under any law and such other original jurisdiction as is conferred on it under this constitution or any written law.,na mataveilewai e cake e tu vua na kaukauwa me rogoca na kisi taucoko me vaka e virikotori ena yavunivakavulewa qo se na lawa tabaki tale e so.,-0.09209524,True
medical,fj->en,medical|medical_misc|e23afd13c4b9,E dolavi tiko na laini ni veitokoni.,Support lines are open.,-0.09131012,True
medical,en->fj,medical|medical_misc|e23afd13c4b9,Support lines are open.,E dolavi tiko na laini ni veitokoni.,-0.09131012,True
legal,en->fj,constitution|109(17),"parliament shall ensure that adequate funding and resources are made available to the commission, to enable it to independently and effectively exercise its powers and perform its functions and duties.","na palimedi me raica me veiganiti na ivotavota vakailavo kei na veika e gadrevi ena cakacaka ni matabose, qo me rawa ni vakayagataka vinaka ka vakayagataka ena galala na kaukauwa e tiko vua, ena qaravi ni itavi.",-0.091077685,True
legal,fj->en,constitution|109(17),"na palimedi me raica me veiganiti na ivotavota vakailavo kei na veika e gadrevi ena cakacaka ni matabose, qo me rawa ni vakayagataka vinaka ka vakayagataka ena galala na kaukauwa e tiko vua, ena qaravi ni itavi.","parliament shall ensure that adequate funding and resources are made available to the commission, to enable it to independently and effectively exercise its powers and perform its functions and duties.",-0.091077685,True
legal,fj->en,constitution|90(6),na mataveilewai e cake e tu vua na kaukauwa me vakasala ena kisi taucoko e rogoci ena mataveilewai e ra se mataveilewai lalai tale e so ka rawa tale ga ni solia na vakatulewa tale e so kevaka e gadreva ena kena cicivaki vakavinaka na mataveilewai e ra kei na mataveilewai lalai tale e so.,"the high court has jurisdiction to supervise any civil or criminal proceedings before a magistrates court or other subordinate courts and may, on an application duly made to it, make such orders, issue such writs and give such directions as it considers appropriate to ensure that justice is duly administered by the magistrates court and other subordinate courts.",-0.09081312,True
legal,en->fj,constitution|90(6),"the high court has jurisdiction to supervise any civil or criminal proceedings before a magistrates court or other subordinate courts and may, on an application duly made to it, make such orders, issue such writs and give such directions as it considers appropriate to ensure that justice is duly administered by the magistrates court and other subordinate courts.",na mataveilewai e cake e tu vua na kaukauwa me vakasala ena kisi taucoko e rogoci ena mataveilewai e ra se mataveilewai lalai tale e so ka rawa tale ga ni solia na vakatulewa tale e so kevaka e gadreva ena kena cicivaki vakavinaka na mataveilewai e ra kei na mataveilewai lalai tale e so.,-0.09081311,True
legal,en->fj,constitution|134(6)(d),legal aid commission;,matabose ni veivuke vakalawa;,-0.0903986,True
legal,fj->en,constitution|134(6)(d),matabose ni veivuke vakalawa;,legal aid commission;,-0.09039859,True
dictionary,fj->en,dictionary|dictionary_parallel_fj2en|0008507,waqaqa,"n. filiarasis infection that ultimately, after about ten years, may result in elephantiasis (tauna)",-0.08913007,True
legal,en->fj,constitution|157(13),a reference in this constitution to an office named in this constitution is to be read with any formal alteration necessary to make it applicable in the circumstances.,na kena cavuti e dua na valenivolavola ena yavunivakavulewa qo me wiliki kina na veisau e rawa ni yaco ena yacana.,-0.08902927,True
legal,fj->en,constitution|157(13),na kena cavuti e dua na valenivolavola ena yavunivakavulewa qo me wiliki kina na veisau e rawa ni yaco ena yacana.,a reference in this constitution to an office named in this constitution is to be read with any formal alteration necessary to make it applicable in the circumstances.,-0.08902927,True
conversational,en->fj,conversational|years_4_5|00029,the mango is still unripe.,e se vou na maqo.,-0.08853753,True
conversational,fj->en,conversational|years_4_5|00029,e se vou na maqo.,the mango is still unripe.,-0.08853751,True
legal,fj->en,constitution|102(2)(c),"na isau, idole, kei na oco me saumi e dodonu me veiganiti kei na ivotavota vakailavo e vakadonuya na palimedi; kei na","the salaries, benefits and allowances payable, in accordance with its budget as approved by parliament; and",-0.088515475,True
legal,en->fj,constitution|102(2)(c),"the salaries, benefits and allowances payable, in accordance with its budget as approved by parliament; and","na isau, idole, kei na oco me saumi e dodonu me veiganiti kei na ivotavota vakailavo e vakadonuya na palimedi; kei na",-0.088515475,True
dictionary,fj->en,dictionary|dictionary_parallel_fj2en|0003145,kakua,definitely don't (stronger prohibition).,-0.088314116,True
legal,fj->en,constitution|157(21),"na ikuri e tiki ni yavunivakavulewa qo, kei na veigauna e cavuti kina na “yavunivakavulewa qo” e okati tale ga kina na ikuri.","the schedule is a part of this constitution, and every use of the expression “this constitution” includes the schedule.",-0.08786096,True
legal,en->fj,constitution|157(21),"the schedule is a part of this constitution, and every use of the expression “this constitution” includes the schedule.","na ikuri e tiki ni yavunivakavulewa qo, kei na veigauna e cavuti kina na “yavunivakavulewa qo” e okati tale ga kina na ikuri.",-0.08786096,True
dictionary,fj->en,dictionary|dictionary_parallel_fj2en|0001474,discharge,their eggs. a delicacy is the orange coloured attachment holding the eggs. the eggs themselves are not eaten. the crab wash off (dere) the eggs to disseminate them. male land crabs have a,-0.086584374,True
dictionary,fj->en,dictionary|dictionary_parallel_fj2en|0005741,properly,"refers only to the forest gecko, much more commonly seen in the bush than iguanas are.",-0.08657087,True
legal,en->fj,constitution|150(6)(b),it is necessary to declare a state of emergency to deal effectively with the threatening circumstances.,bibi ni kena vakaraitaki na tikoleqa ni matanitu me rawa ni sotavi na veika ena rawa ni vakavuleqa.,-0.08500224,True
legal,fj->en,constitution|150(6)(b),bibi ni kena vakaraitaki na tikoleqa ni matanitu me rawa ni sotavi na veika ena rawa ni vakavuleqa.,it is necessary to declare a state of emergency to deal effectively with the threatening circumstances.,-0.08500224,True
legal,fj->en,constitution|82(a),"dua e kilai vinaka na nona veiqaravi e viti se veiyasai vuravura, ena tabana vakamatanitu se tabana tuvakaikoya;","has had a distinguished career in any aspect of national or international life, whether in the public or private sector;",-0.08459909,True
legal,en->fj,constitution|82(a),"has had a distinguished career in any aspect of national or international life, whether in the public or private sector;","dua e kilai vinaka na nona veiqaravi e viti se veiyasai vuravura, ena tabana vakamatanitu se tabana tuvakaikoya;",-0.08459909,True
legal,fj->en,constitution|147,yavu ni kena vakayagataki na umailavo cokovata ni matanitu me baleta e so na isau kei na oco,standing appropriation of consolidated fund for payment of certain salaries and allowances,-0.08422612,True
legal,en->fj,constitution|147,standing appropriation of consolidated fund for payment of certain salaries and allowances,yavu ni kena vakayagataki na umailavo cokovata ni matanitu me baleta e so na isau kei na oco,-0.08422612,True
dictionary,fj->en,dictionary|dictionary_parallel_fj2en|0002953,kirikiti,"(eng.) n. cricket (the game), greatly favoured by polynesians, now being played by more fijians with coaching and management by australian aid.",-0.08257219,True
dictionary,fj->en,dictionary|dictionary_parallel_fj2en|0007561,becoming,"more common. they much more often ate the wild species of yam, and taro that they",-0.08239722,True
legal,fj->en,constitution|90(6)(b),"daunilewa tale e so era digitaki mera vakatulewa ena mataveilewai cecere, mera vakaitavi ena gauna e gadrevi kina.","such other judges as are appointed as judges of the supreme court, to serve as the occasion requires.",-0.08222857,True
legal,en->fj,constitution|90(6)(b),"such other judges as are appointed as judges of the supreme court, to serve as the occasion requires.","daunilewa tale e so era digitaki mera vakatulewa ena mataveilewai cecere, mera vakaitavi ena gauna e gadrevi kina.",-0.08222857,True
dictionary,fj->en,dictionary|dictionary_parallel_fj2en|0007030,particular,"cultivar was hardly six feet tall, and thus resistant to wind damage according to seemann.",-0.077662855,True
legal,en->fj,constitution|109(12)(b),"the qualification requirements for appointment and the process to be followed for appointment, which must be an open, transparent and competitive selection process based on merit;","na ivakatagedegede ni vuli e gadrevi kei na ivakarau me vakamuri me baleta na veivakacakacakataki, ka dodonu me dola raraba, vakarawarawataki, valataki vakasavasava, ia na veidigitaki me yavutaki ena rawaka;",-0.07753703,True
legal,fj->en,constitution|109(12)(b),"na ivakatagedegede ni vuli e gadrevi kei na ivakarau me vakamuri me baleta na veivakacakacakataki, ka dodonu me dola raraba, vakarawarawataki, valataki vakasavasava, ia na veidigitaki me yavutaki ena rawaka;","the qualification requirements for appointment and the process to be followed for appointment, which must be an open, transparent and competitive selection process based on merit;",-0.07753703,True
legal,en->fj,constitution|53,proportional representation system,iwalewale ni veidigidigi veiraurau,-0.07741805,True
legal,fj->en,constitution|53,iwalewale ni veidigidigi veiraurau,proportional representation system,-0.07741805,True
legal,en->fj,constitution|109(9),"a written law shall provide the commission with the jurisdiction, authority and powers to receive and investigate complaints against permanent secretaries and all persons holding a public office.",na lawa tabaki ena solia vua na matabose na lewa kei na kaukauwa me ciqoma ka vaqaqa na kudru me baleta na vunivola tudei ni matanitu kei na vakailesilesi ni valenivolavola ni lewenivanua.,-0.077083886,True
legal,fj->en,constitution|109(9),na lawa tabaki ena solia vua na matabose na lewa kei na kaukauwa me ciqoma ka vaqaqa na kudru me baleta na vunivola tudei ni matanitu kei na vakailesilesi ni valenivolavola ni lewenivanua.,"a written law shall provide the commission with the jurisdiction, authority and powers to receive and investigate complaints against permanent secretaries and all persons holding a public office.",-0.077083886,True
legal,en->fj,constitution|61(6),any application made to the court of disputed returns under this section must be determined by the court of disputed returns within days of the date when the application is made to it.,na kerekere e kau cake mai ena mataveilewai ni kudru ni veidigidigi ena tikina qo e dodonu me na vakatulewa kina na mataveilewai ni kudru ni veidigidigi ena loma ni na siga mai na siga e ciqoma kina na kerekere qo.,-0.076255605,True
legal,fj->en,constitution|61(6),na kerekere e kau cake mai ena mataveilewai ni kudru ni veidigidigi ena tikina qo e dodonu me na vakatulewa kina na mataveilewai ni kudru ni veidigidigi ena loma ni na siga mai na siga e ciqoma kina na kerekere qo.,any application made to the court of disputed returns under this section must be determined by the court of disputed returns within days of the date when the application is made to it.,-0.076255605,True
legal,en->fj,constitution|70(10),"parliament shall ensure that adequate funding and resources are made available to the secretary-general to parliament, to enable him or her to independently and effectively exercise the powers and perform the functions and duties of the secretary- general to parliament. remunerations","na palimedi me vakadeitaka ni na vakarautaki e dua na ivotavota vakailavo vua na vunivola levu ni palimedi, me rawa ni vakatulewa ka qarava ga vakaikoya na itavi ni vunivola levu ni palimedi. isau ni veiqaravi",-0.073296815,True
legal,fj->en,constitution|70(10),"na palimedi me vakadeitaka ni na vakarautaki e dua na ivotavota vakailavo vua na vunivola levu ni palimedi, me rawa ni vakatulewa ka qarava ga vakaikoya na itavi ni vunivola levu ni palimedi. isau ni veiqaravi","parliament shall ensure that adequate funding and resources are made available to the secretary-general to parliament, to enable him or her to independently and effectively exercise the powers and perform the functions and duties of the secretary- general to parliament. remunerations",-0.073296815,True
dictionary,fj->en,dictionary|dictionary_parallel_fj2en|0004617,to a ten-dollar bill,"(though in fact, the kavika fruit varies in colour according to the variety).",-0.073102966,True
legal,en->fj,constitution|102(9),"the secretary of the commission shall be the chief registrar, or any other person performing the functions of that office.",na vunivola levu ni mataveilewai e cake se e dua e qarava na itavi ni valenivolavola qo ena vunivola ni matabose.,-0.071312614,True
legal,fj->en,constitution|102(9),na vunivola levu ni mataveilewai e cake se e dua e qarava na itavi ni valenivolavola qo ena vunivola ni matabose.,"the secretary of the commission shall be the chief registrar, or any other person performing the functions of that office.",-0.071312614,True
legal,en->fj,constitution|65(8),the court of disputed returns must make a determination on any petition or proceeding within days of the date when the petition or proceeding is brought before it.,na mataveilewai ni kudru ni veidigidigi e dodonu me na vakatulewataka na kudru se na veilewai kece e kau cake mai ena loma ni na siga mai na siga e ciqoma kina na kudru se na veilewai qo.,-0.07097052,True
legal,fj->en,constitution|65(8),na mataveilewai ni kudru ni veidigidigi e dodonu me na vakatulewataka na kudru se na veilewai kece e kau cake mai ena loma ni na siga mai na siga e ciqoma kina na kudru se na veilewai qo.,the court of disputed returns must make a determination on any petition or proceeding within days of the date when the petition or proceeding is brought before it.,-0.07097052,True
legal,en->fj,constitution|70(2),the secretary-general to parliament shall be appointed by the president on the advice of the constitutional offices commission.,na peresitedi ena digitaka na vunivola levu ni palimedi ena ivakasala ni matabose ni valenivolavola ni yavunivakavulewa.,-0.070652954,True
legal,fj->en,constitution|70(2),na peresitedi ena digitaka na vunivola levu ni palimedi ena ivakasala ni matabose ni valenivolavola ni yavunivakavulewa.,the secretary-general to parliament shall be appointed by the president on the advice of the constitutional offices commission.,-0.070652954,True
legal,fj->en,constitution|118,matabose ni veivuke vakalawa,legal aid commission,-0.070478804,True
legal,en->fj,constitution|118,legal aid commission,matabose ni veivuke vakalawa,-0.07047875,True
dictionary,fj->en,dictionary|dictionary_parallel_fj2en|0002432,of leaping,"among the tree-tops. the female black rat has ten nipples, while the polynesian rat has only eight, and the norway rat has twelve. a short tail distinguishes the norway rat as it is far shorter than",-0.06986363,True
legal,fj->en,constitution|109(11)(c),"na isau, idole, kei na oco me saumi e dodonu me veiganiti kei na ivotavota ni ilavo e vakadonuya na palimedi; kei na","the salaries, benefits and allowances payable, in accordance with its budget as approved by parliament; and",-0.06744161,True
legal,en->fj,constitution|109(11)(c),"the salaries, benefits and allowances payable, in accordance with its budget as approved by parliament; and","na isau, idole, kei na oco me saumi e dodonu me veiganiti kei na ivotavota ni ilavo e vakadonuya na palimedi; kei na",-0.06744161,True
legal,en->fj,constitution|109(2),"the commission shall consist of a chairperson and other members appointed by the president, on the advice of the judicial services commission following consultation by it with the attorney-general.","na matabose me lewena e dua na jemeni, kei na tale na lewena e digitaka na peresitedi ena ivakasala ni matabose veiqaravi ni mataveilewai ni oti na veitalanoa kei na vunilawa.",-0.06717778,True
legal,fj->en,constitution|109(2),"na matabose me lewena e dua na jemeni, kei na tale na lewena e digitaka na peresitedi ena ivakasala ni matabose veiqaravi ni mataveilewai ni oti na veitalanoa kei na vunilawa.","the commission shall consist of a chairperson and other members appointed by the president, on the advice of the judicial services commission following consultation by it with the attorney-general.",-0.06717778,True
legal,fj->en,constitution|90(4)(a),na vakacegui ena gauna oya na paraiminisita;,the incumbent prime minister immediately ceases to hold office;,-0.067032345,True
legal,en->fj,constitution|90(4)(a),the incumbent prime minister immediately ceases to hold office;,na vakacegui ena gauna oya na paraiminisita;,-0.06703234,True
legal,fj->en,constitution|56,mata vakaturi ni veidigidigi i na palimedi,candidates for election to parliament,-0.0666564,True
legal,en->fj,constitution|56,candidates for election to parliament,mata vakaturi ni veidigidigi i na palimedi,-0.0666564,True
dictionary,fj->en,dictionary|dictionary_parallel_fj2en|0002373,refer,"to this as revereve, with first fruits isevu offered to the chief around april. traditionally eastern highlanders rarely cultivated yams; their main starch food was cultivated taro or wild yams.",-0.063243456,True
dictionary,fj->en,dictionary|dictionary_parallel_fj2en|0000258,required,"me to return him to his family who ultimately beat him excessively, and he died. he had never hurt anyone and never tried to defend himself.",-0.062991366,True
medical,en->fj,medical|medical_misc|6d4b8a329e99,Health teams will assist you.,Na timi ni Tabana ni Bula ena vukei iko.,-0.062416606,True
medical,fj->en,medical|medical_misc|6d4b8a329e99,Na timi ni Tabana ni Bula ena vukei iko.,Health teams will assist you.,-0.062416606,True
legal,fj->en,constitution|150(8),"na isau, idole kei na oco e saumi vua na vakailesilesi ni valenivolavola ni daunifika levu me tauri mai na umailavo cokovata ni matanitu.","the salaries, benefits and allowances payable to any person employed in the office of the auditor-general are a charge on the consolidated fund.",-0.06236481,True
legal,en->fj,constitution|150(8),"the salaries, benefits and allowances payable to any person employed in the office of the auditor-general are a charge on the consolidated fund.","na isau, idole kei na oco e saumi vua na vakailesilesi ni valenivolavola ni daunifika levu me tauri mai na umailavo cokovata ni matanitu.",-0.062364787,True
legal,en->fj,constitution|55,voter qualification and registration,dodonu ni veidigidigi kei na volayaca,-0.062032644,True
legal,fj->en,constitution|55,dodonu ni veidigidigi kei na volayaca,voter qualification and registration,-0.062032644,True
legal,en->fj,constitution|52(3)(f),"any office in a trade union registered under the employment relations promulgation or any other written law (whether elected or appointed to that office, and including any position or arrangement under which a person receives remuneration, salary, allowances or fees from a trade union);","na valenivolavola ni isoqosoqo ni tamata cakacaka ka rejisitataki ena poromoliqeti ni tamata cakacaka kei na lawa tabaki tale e so (ke vakaturi se lesi me lewena na valenivolavola, okati kina na veitutu vakacakacaka se ituvatuva vakacakacaka e saumi kina vakailavo, se ilavo lavaki mai na soqosoqo ni tamata cakacaka); ----------------------- page -----------------------",-0.06164208,True
legal,fj->en,constitution|52(3)(f),"na valenivolavola ni isoqosoqo ni tamata cakacaka ka rejisitataki ena poromoliqeti ni tamata cakacaka kei na lawa tabaki tale e so (ke vakaturi se lesi me lewena na valenivolavola, okati kina na veitutu vakacakacaka se ituvatuva vakacakacaka e saumi kina vakailavo, se ilavo lavaki mai na soqosoqo ni tamata cakacaka); ----------------------- page -----------------------","any office in a trade union registered under the employment relations promulgation or any other written law (whether elected or appointed to that office, and including any position or arrangement under which a person receives remuneration, salary, allowances or fees from a trade union);",-0.06164208,True
legal,en->fj,constitution|70(8)(c),"the salaries, benefits and allowances payable, in accordance with its budget as approved by parliament; and","isau, idole, kei na oco me saumi, e dodonu me veiganiti kei na ivotavota ni ilavo e vakadonuya na palimedi; kei na",-0.061609607,True
legal,fj->en,constitution|70(8)(c),"isau, idole, kei na oco me saumi, e dodonu me veiganiti kei na ivotavota ni ilavo e vakadonuya na palimedi; kei na","the salaries, benefits and allowances payable, in accordance with its budget as approved by parliament; and",-0.061609607,True
medical,fj->en,medical|medical_misc|b9d5a0d7cc29,Many people feel anxious when they face new or unknown situations.,E levu na tamata era dau loma taqaya ni ra sotava na veika vou se veika era sega ni dau kila.,-0.061509382,True
medical,fj->en,medical|medical_misc|672118781a1c,E levu na tamata era dau loma taqaya ni ra sotava na veika vou se veika era sega ni dau kila.,Many people feel anxious when they face new or unknown situations.,-0.061509382,True
conversational,fj->en,conversational|years_4_5|00022,na vuata au dau taleitaka na meleni.,my favourite fruit is watermelon.,-0.061367802,True
legal,en->fj,constitution|150(7)(b),"the qualification requirements for appointment and the process to be followed for appointment, which must be an open, transparent and competitive selection process based on merit;","ivakatagedegede ni vuli e gadrevi kei na ivakarau me vakamuri ena veivakacakacakataki, e dodonu me dola raraba, vakarawarawataki, valataki vakasavasava, ia na veidigitaki me yavutaki ena rawaka;",-0.061094157,True
legal,fj->en,constitution|150(7)(b),"ivakatagedegede ni vuli e gadrevi kei na ivakarau me vakamuri ena veivakacakacakataki, e dodonu me dola raraba, vakarawarawataki, valataki vakasavasava, ia na veidigitaki me yavutaki ena rawaka;","the qualification requirements for appointment and the process to be followed for appointment, which must be an open, transparent and competitive selection process based on merit;",-0.061094157,True
dictionary,fj->en,dictionary|dictionary_parallel_fj2en|0003164,kudrukudru-i-ra mo,"idiom: to be angry or disgruntled about something after the fact, having given no",-0.060548216,True
legal,en->fj,constitution|109(18),"the commission shall have control of its own budget and finances, as approved by parliament. existing appointments",na matabose ena vakatulewa ga ena ituvatuva vakailavo me vaka e sa vakadonuya na palimedi. itutu tawani,-0.060326166,True
legal,fj->en,constitution|109(18),na matabose ena vakatulewa ga ena ituvatuva vakailavo me vaka e sa vakadonuya na palimedi. itutu tawani,"the commission shall have control of its own budget and finances, as approved by parliament. existing appointments",-0.060326166,True
dictionary,fj->en,dictionary|dictionary_parallel_fj2en|0004552,smashing,"the kernel. known as galip nut (papua new guinea), kanari nut (indonesia), pili nut (southeast asia). in some areas of melanesia (p .n.g., for example, but not fiji) this nut was a starchfood staple before the introduction of cassava. there have been modern efforts to develop it commercially, especially in the solomons and vanuatu. without success so far. it is very rich in oil but the flavour of the nut is distinctive only if the kernel is toasted.",-0.06011168,True
dictionary,fj->en,dictionary|dictionary_parallel_fj2en|0008410,female,relative of the tui tonga. their son founded the falefisi noble lineage in tonga that,-0.060011603,True
medical,fj->en,medical|medical_misc|5648e1ecc161,O ira na tamata cakacaka e vakila na ivakatakilakila era rawa ni taura na ivola ni 14 na siga ni tiko vakatikitiki e vale.,Workers with symptoms can get a medical certificate for 14 days of self-isolation.,-0.059734207,True
medical,en->fj,medical|medical_misc|5648e1ecc161,Workers with symptoms can get a medical certificate for 14 days of self-isolation.,O ira na tamata cakacaka e vakila na ivakatakilakila era rawa ni taura na ivola ni 14 na siga ni tiko vakatikitiki e vale.,-0.059734207,True
legal,en->fj,constitution|32,right to economic participation,dodonu ni vakaitavi ena bula vakailavo,-0.059577662,True
legal,fj->en,constitution|32,dodonu ni vakaitavi ena bula vakailavo,right to economic participation,-0.059577662,True
legal,fj->en,constitution|124(7)(b),vakacegui ira mai na tabana ni veivakadodonutaki e viti; ka,to remove persons from the fiji corrections service; and,-0.059028085,True
legal,en->fj,constitution|124(7)(b),to remove persons from the fiji corrections service; and,vakacegui ira mai na tabana ni veivakadodonutaki e viti; ka,-0.059028085,True
legal,en->fj,constitution|102(2),"the judicial services commission has the authority to determine all matters pertaining to the employment of non-judicial officers employed in the judiciary, including—","na matabose veiqaravi ni mataveilewai e tu vua na kaukauwa me raica na veika baleti ira na vakailesilesi era sega ni daunilawa ka ra cakacaka ena mataveilewai, qo e oka kina na—",-0.057612818,True
legal,fj->en,constitution|102(2),"na matabose veiqaravi ni mataveilewai e tu vua na kaukauwa me raica na veika baleti ira na vakailesilesi era sega ni daunilawa ka ra cakacaka ena mataveilewai, qo e oka kina na—","the judicial services commission has the authority to determine all matters pertaining to the employment of non-judicial officers employed in the judiciary, including—",-0.057612818,True
legal,en->fj,constitution|150(4),"if a majority of the members of parliament confirm the declaration made by the prime minister, then the declaration shall continue for a period of one month from the date of confirmation, and may be renewed by a further vote in parliament.","kevaka e iwase levu ni lewenipalimedi era duavata ena veika e vakaraitaka na paraiminisita, ena qai tomani na kena vakaraitaki me dua na vula mai na tikinisiga e tau kina na veivakadonui mai palimedi, ka rawa ni vakavoui tale ena veidigidigi ena palimedi.",-0.056469828,True
legal,fj->en,constitution|150(4),"kevaka e iwase levu ni lewenipalimedi era duavata ena veika e vakaraitaka na paraiminisita, ena qai tomani na kena vakaraitaki me dua na vula mai na tikinisiga e tau kina na veivakadonui mai palimedi, ka rawa ni vakavoui tale ena veidigidigi ena palimedi.","if a majority of the members of parliament confirm the declaration made by the prime minister, then the declaration shall continue for a period of one month from the date of confirmation, and may be renewed by a further vote in parliament.",-0.056469828,True
legal,en->fj,constitution|109(11)(b),"the qualification requirements for appointment and the process to be followed for appointment, which must be an open, transparent and competitive selection process based on merit;","ivakatagedegede ni vuli e gadrevi kei na ivakarau me vakamuri me baleta na veivakacakacakataki, ka dodonu me dola raraba, vakarawarawataki, valataki vakasavasava, ia na veidigitaki me yavutaki ena rawaka; ----------------------- page -----------------------",-0.055693045,True
legal,fj->en,constitution|109(11)(b),"ivakatagedegede ni vuli e gadrevi kei na ivakarau me vakamuri me baleta na veivakacakacakataki, ka dodonu me dola raraba, vakarawarawataki, valataki vakasavasava, ia na veidigitaki me yavutaki ena rawaka; ----------------------- page -----------------------","the qualification requirements for appointment and the process to be followed for appointment, which must be an open, transparent and competitive selection process based on merit;",-0.055693045,True
legal,fj->en,constitution|90(5)(b),daunilewa era digitaki mera tauca na lewa ena mataveilewai e cake;,such other judges as are appointed as judges of the high court;,-0.055621386,True
legal,en->fj,constitution|90(5)(b),such other judges as are appointed as judges of the high court;,daunilewa era digitaki mera tauca na lewa ena mataveilewai e cake;,-0.055621386,True
legal,fj->en,constitution|148,vakadonui ni kena vakayagataki na umailavo cokovata ni matanitu ena so tale na inaki,standing appropriation of consolidated fund for other purposes,-0.055412803,True
legal,en->fj,constitution|148,standing appropriation of consolidated fund for other purposes,vakadonui ni kena vakayagataki na umailavo cokovata ni matanitu ena so tale na inaki,-0.055412803,True
legal,en->fj,constitution|125,public service commission,matabose ni cakacaka vakamatanitu,-0.055216443,True
legal,fj->en,constitution|125,matabose ni cakacaka vakamatanitu,public service commission,-0.055216443,True
legal,fj->en,constitution|90(3)(a),iotioti ni mataveilewai me rogoci kina e dua na kisi;,is the final appellate court;,-0.055017807,True
legal,en->fj,constitution|90(3)(a),is the final appellate court;,iotioti ni mataveilewai me rogoci kina e dua na kisi;,-0.055017788,True
medical,fj->en,medical|anxiety|464424cab454,"Anxiety can be described as worry, feeling nervous or feeling uneasy about something.","Na loma taqaya e rawa ni vakamacalataki me vaka na lomaleqa, nuiqawaqawa se nanuma dredre e dua na ka.",-0.054583374,True
medical,fj->en,medical|anxiety|ed75d437dbad,"Na loma taqaya e rawa ni vakamacalataki me vaka na lomaleqa, nuiqawaqawa se nanuma dredre e dua na ka.","Anxiety can be described as worry, feeling nervous or feeling uneasy about something.",-0.054583374,True
legal,en->fj,constitution|124(6)(b),"the qualification requirements for appointment and the process to be followed for appointment, which must be an open, transparent and competitive selection process based on merit;","ivakatagedegede ni vuli e gadrevi kei na ivakarau me vakamuri ena veivakacakacakataki, ka dodonu me dola raraba, vakarawarawataki, valataki vakasavasava, ia na veidigitaki me yavutaki ena rawaka;",-0.054400433,True
legal,fj->en,constitution|124(6)(b),"ivakatagedegede ni vuli e gadrevi kei na ivakarau me vakamuri ena veivakacakacakataki, ka dodonu me dola raraba, vakarawarawataki, valataki vakasavasava, ia na veidigitaki me yavutaki ena rawaka;","the qualification requirements for appointment and the process to be followed for appointment, which must be an open, transparent and competitive selection process based on merit;",-0.054400433,True
dictionary,fj->en,dictionary|dictionary_parallel_fj2en|0003243,suggests,"that the name derives from kula, proto-polynesian version of kurati (“turmeric”, and much later, “metallic gold”) in the moluccas). called hura in parts of vanua levu. the old, ripe fruits",-0.054292303,True
legal,fj->en,constitution|80(3),na peresitedi me vakaitavi ena ivakarau vakaivalu me vaka ni komada liuliu ni mataivalu e viti.,the president shall perform the ceremonial functions and responsibilities as the commander-in-chief of the republic of fiji military forces.,-0.053896118,True
legal,en->fj,constitution|80(3),the president shall perform the ceremonial functions and responsibilities as the commander-in-chief of the republic of fiji military forces.,na peresitedi me vakaitavi ena ivakarau vakaivalu me vaka ni komada liuliu ni mataivalu e viti.,-0.053896062,True
dictionary,fj->en,dictionary|dictionary_parallel_fj2en|0003977,should,"belong to them. another species, s. mahogoni, with smaller leaves, has also been planted in fiji.",-0.053756993,True
dictionary,fj->en,dictionary|dictionary_parallel_fj2en|0003379,for me that,about one tenth of all fij ians remain unregistered.) this system of transfer may be used to,-0.05365125,True
dictionary,fj->en,dictionary|dictionary_parallel_fj2en|0005792,next,"to lomaloma, vanua balavu island. ratu sukuna decided to incorporate these tongans as a fijian tribe, officially registered as fijians with claims for the land they occupied. by they had",-0.053192716,True
legal,en->fj,constitution|134(6)(f),public service disciplinary tribunal; ----------------------- page -----------------------,mataveivaqaqai ni kudru ni veiqaravi vakamatanitu;,-0.05317475,True
legal,fj->en,constitution|134(6)(f),mataveivaqaqai ni kudru ni veiqaravi vakamatanitu;,public service disciplinary tribunal; ----------------------- page -----------------------,-0.05317475,True
legal,fj->en,constitution|102(7),na matabose me na solia wasoma na itukutuku kei na ivakasala vua na vunilawa me baleta na mataveilewai se na veiqaravi vakalawa.,the commission shall provide regular updates and advice to the attorney- general on any matter relating to the judiciary or the administration of justice.,-0.05248374,True
legal,en->fj,constitution|102(7),the commission shall provide regular updates and advice to the attorney- general on any matter relating to the judiciary or the administration of justice.,na matabose me na solia wasoma na itukutuku kei na ivakasala vua na vunilawa me baleta na mataveilewai se na veiqaravi vakalawa.,-0.05248374,True
legal,fj->en,constitution|102(2)(b),"ivakatagedegede ni vuli e gadrevi kei na ivakarau me vakamuri me baleta na veivakacakacakataki, ka dodonu me dola raraba, vakarawarawataki, valataki vakasavasava, ia na veidigitaki me yavutaki ena rawaka;","the qualification requirements for appointment and the process to be followed for appointment, which must be an open, transparent and competitive selection process based on merit;",-0.05224607,True
legal,en->fj,constitution|102(2)(b),"the qualification requirements for appointment and the process to be followed for appointment, which must be an open, transparent and competitive selection process based on merit;","ivakatagedegede ni vuli e gadrevi kei na ivakarau me vakamuri me baleta na veivakacakacakataki, ka dodonu me dola raraba, vakarawarawataki, valataki vakasavasava, ia na veidigitaki me yavutaki ena rawaka;",-0.05224607,True
medical,en->fj,medical|medical_misc|4071f9626164,Testing helps identify people at risk of severe illness.,Na veivakatovotovo e vukea na kena kilai o ira era beci vakalevu ni rawa ni tauvi mate bibi.,-0.051934738,True
medical,fj->en,medical|medical_misc|4071f9626164,Na veivakatovotovo e vukea na kena kilai o ira era beci vakalevu ni rawa ni tauvi mate bibi.,Testing helps identify people at risk of severe illness.,-0.051934656,True
dictionary,fj->en,dictionary|dictionary_parallel_fj2en|0003945,people with a,"steady job. although lenders are required to be registered by government, such activities",-0.05172892,True
legal,fj->en,constitution|65(a),ivola ni kudru ni vakatataro ena kena digitaki vakadodonu e dua na lewenipalimedi; kei na,"by way of a petition, a question whether a person has been validly elected as a member of parliament; and",-0.051227413,True
legal,en->fj,constitution|65(a),"by way of a petition, a question whether a person has been validly elected as a member of parliament; and",ivola ni kudru ni vakatataro ena kena digitaki vakadodonu e dua na lewenipalimedi; kei na,-0.051227413,True
legal,en->fj,constitution|61(3)(d),ceases to have the right to be nominated as a candidate for election to parliament under section ;,e sega vua na dodonu me digitaki me mata vakaturi ena veidigidigi me vaka e virikotori ena tikina ;,-0.050573222,True
legal,fj->en,constitution|61(3)(d),e sega vua na dodonu me digitaki me mata vakaturi ena veidigidigi me vaka e virikotori ena tikina ;,ceases to have the right to be nominated as a candidate for election to parliament under section ;,-0.050573222,True
dictionary,fj->en,dictionary|dictionary_parallel_fj2en|0008452,waiwai,". n. vegetable oil, traditionally in coastal areas, that has meant coconut body oil, but also oils for",-0.050248,True
legal,fj->en,constitution|29,taqomaki ni taukeni kei na gagadre ni vakayagataki qele,protection of ownership and interests in land,-0.050025128,True
legal,en->fj,constitution|29,protection of ownership and interests in land,taqomaki ni taukeni kei na gagadre ni vakayagataki qele,-0.050025094,True
legal,en->fj,constitution|138,performance of functions of commissions and tribunals,qaravi ni itavi ni matabose kei na mataveivaqaqai,-0.049762025,True
legal,fj->en,constitution|138,qaravi ni itavi ni matabose kei na mataveivaqaqai,performance of functions of commissions and tribunals,-0.04976201,True
legal,en->fj,constitution|8(2)(o),"of appeal to, or review by, a higher court.",rogoci se dikevi tale na itotogi ena mataveilewai e cecere cake.,-0.049722217,True
legal,fj->en,constitution|8(2)(o),rogoci se dikevi tale na itotogi ena mataveilewai e cecere cake.,"of appeal to, or review by, a higher court.",-0.049722217,True
legal,en->fj,constitution|52(6),every citizen who is registered as a voter and who is—,na lewenivanua kece era sa volayaca mera veidigidigi ka—,-0.049153544,True
legal,fj->en,constitution|52(6),na lewenivanua kece era sa volayaca mera veidigidigi ka—,every citizen who is registered as a voter and who is—,-0.049153544,True
conversational,fj->en,conversational|years_4_5|00034,e ra dau vakavinivo ni vuli na goneyalewa i koronivuli.,girls wear school dress to school.,-0.048798822,True
conversational,en->fj,conversational|years_4_5|00034,girls wear school dress to school.,e ra dau vakavinivo ni vuli na goneyalewa i koronivuli.,-0.048798803,True
dictionary,fj->en,dictionary|dictionary_parallel_fj2en|0000548,and to help control overheating of,"a baby; mussaenda raiateensis, formerly m . frondosa. tiny yellow",-0.048493262,True
dictionary,fj->en,dictionary|dictionary_parallel_fj2en|0003230,female,"attendants to be buried with a dead paramount chief, especially at bau and cakaudrove.",-0.04790143,True
legal,fj->en,constitution|135,ivakarau kei na iwalewale ni valenivolavola,terms and conditions of office,-0.046225734,True
legal,en->fj,constitution|135,terms and conditions of office,ivakarau kei na iwalewale ni valenivolavola,-0.046225734,True
legal,en->fj,constitution|70(6)(i)(ii),public access to the proceedings of parliament and its committees;,nodra vakacurumi na lewenivanua ena bose ni palimedi kei na kena komiti;,-0.046216927,True
legal,fj->en,constitution|70(6)(i)(ii),nodra vakacurumi na lewenivanua ena bose ni palimedi kei na kena komiti;,public access to the proceedings of parliament and its committees;,-0.046216868,True
legal,fj->en,constitution|70(7)(v),vakacegui mai na nona itutu ena veitokoni ni sivia e rua na ikatolu ni lewenipalimedi.,is removed from office by a resolution supported by not less than two-thirds of the members of parliament. ----------------------- page -----------------------,-0.045852657,True
legal,en->fj,constitution|70(7)(v),is removed from office by a resolution supported by not less than two-thirds of the members of parliament. ----------------------- page -----------------------,vakacegui mai na nona itutu ena veitokoni ni sivia e rua na ikatolu ni lewenipalimedi.,-0.045852657,True
legal,fj->en,constitution|109(3),"na jemeni ni matabose, me daunilewa se dua e rawa ni daunilewa. ----------------------- page -----------------------","the chairperson of the commission must be a person who is, or is qualified to be appointed as a judge.",-0.04487863,True
legal,en->fj,constitution|109(3),"the chairperson of the commission must be a person who is, or is qualified to be appointed as a judge.","na jemeni ni matabose, me daunilewa se dua e rawa ni daunilewa. ----------------------- page -----------------------",-0.04487863,True
dictionary,fj->en,dictionary|dictionary_parallel_fj2en|0000876,early,written accounts of the usage of this shell as a revered presentation item and none used as such have been preserved in museums.,-0.04445295,True
dictionary,fj->en,dictionary|dictionary_parallel_fj2en|0007538,uro,"n. solid meat-fat (especially of pork, beef). many fijians are unaware of its dangers to health.",-0.04430414,True
dictionary,fj->en,dictionary|dictionary_parallel_fj2en|0006359,veitabani with,"those people; they know how to behave in that relationship, but normally they have no idea of the historical facts that created the relationship.",-0.04409659,True
medical,fj->en,medical|medical_misc|6a238be7eeb7,Na oca e rawa ni ivakatakilakila ni mate.,Fatigue may be a symptom.,-0.04397794,True
medical,en->fj,medical|medical_misc|6a238be7eeb7,Fatigue may be a symptom.,Na oca e rawa ni ivakatakilakila ni mate.,-0.04397792,True
dictionary,fj->en,dictionary|dictionary_parallel_fj2en|0006035,then,"metal blades was introduced from polynesia, mainly tonga but also, especially later, samoa, with boatbuilders coming from both places.",-0.04379963,True
dictionary,fj->en,dictionary|dictionary_parallel_fj2en|0001475,brown,"attachment that is eaten with the seafood seasoning called miti. dereneke usually occurs after the full moon, following the rise of the balolo (edible annelid, sea worm), oct.-nov.",-0.043798413,True
legal,fj->en,constitution|79,vunivola levu ni palimedi,secretary-general to parliament,-0.04271711,True
legal,en->fj,constitution|79,secretary-general to parliament,vunivola levu ni palimedi,-0.04271709,True
legal,en->fj,constitution|37,right to social security schemes,dodonu ni tamata yadua me vakarautaki vua na veivuke raraba,-0.04117331,True
legal,fj->en,constitution|37,dodonu ni tamata yadua me vakarautaki vua na veivuke raraba,right to social security schemes,-0.04117331,True
legal,en->fj,constitution|70(4),"the secretary-general to parliament is the principal procedural advisor to the speaker, and to all members of parliament and committees of parliament.","na vunivola levu ni palimedi e daunivakasala liu me baleta na ivalavala ni palimedi vua na sipika, na lewenipalimedi kei na veikomiti ni palimedi.",-0.04069792,True
legal,fj->en,constitution|70(4),"na vunivola levu ni palimedi e daunivakasala liu me baleta na ivalavala ni palimedi vua na sipika, na lewenipalimedi kei na veikomiti ni palimedi.","the secretary-general to parliament is the principal procedural advisor to the speaker, and to all members of parliament and committees of parliament.",-0.04069792,True
legal,fj->en,constitution|134(3)(c),"kena vakatulewataki na vakacegui ni dua e taura na itutu ena tabana qo, na peresitedi me na vakatulewa vakamatau ka salavata na ivakasala ni mataveivaqaqai se na matabose ni bula.","in deciding whether or not to remove the person concerned from office, the president must act in accordance with the advice of the tribunal or medical board, as the case may be.",-0.0401486,True
legal,en->fj,constitution|134(3)(c),"in deciding whether or not to remove the person concerned from office, the president must act in accordance with the advice of the tribunal or medical board, as the case may be.","kena vakatulewataki na vakacegui ni dua e taura na itutu ena tabana qo, na peresitedi me na vakatulewa vakamatau ka salavata na ivakasala ni mataveivaqaqai se na matabose ni bula.",-0.0401486,True
dictionary,fj->en,dictionary|dictionary_parallel_fj2en|0005991,sisi ni qele,"n. landslide, common on the large volcanic islands especially when the soil is soaked by rain.",-0.040028296,True
legal,en->fj,constitution|90(3)(b),"has exclusive jurisdiction, subject to such requirements as prescribed by written law, to hear and determine appeals from all final judgments of the court of appeal; and","tiko vua na lewa cecere duadua, me vaka e vakaroti ena lawa tabaki, me rogoca ka vakatulewa ena lewa sa tauca na mataveilewai ni rogokudru; ka",-0.03983165,True
legal,fj->en,constitution|90(3)(b),"tiko vua na lewa cecere duadua, me vaka e vakaroti ena lawa tabaki, me rogoca ka vakatulewa ena lewa sa tauca na mataveilewai ni rogokudru; ka","has exclusive jurisdiction, subject to such requirements as prescribed by written law, to hear and determine appeals from all final judgments of the court of appeal; and",-0.03983165,True
legal,fj->en,constitution|61(7),na lewa e sa tauca na mataveilewai ni kudru ni veidigidigi ena tikina qo me na tudei ka na sega ni rawa me dua tale na mataveilewai me railesuva.,a determination by the court of disputed returns under this section is final and not subject to any appeal.,-0.039782703,True
legal,en->fj,constitution|61(7),a determination by the court of disputed returns under this section is final and not subject to any appeal.,na lewa e sa tauca na mataveilewai ni kudru ni veidigidigi ena tikina qo me na tudei ka na sega ni rawa me dua tale na mataveilewai me railesuva.,-0.039782703,True
legal,fj->en,constitution|102(2)(a),ivakarau kei na iwalewale ni cakacaka;,the terms and conditions of employment;,-0.03888338,True
legal,en->fj,constitution|102(2)(a),the terms and conditions of employment;,ivakarau kei na iwalewale ni cakacaka;,-0.03888338,True
legal,en->fj,constitution|102(4),"the president may, on the recommendation of the judicial services commission following consultation by it with the attorney-general, appoint a person to act as a judge of the high court during any period or during all periods, when an office of a judge of the high court is vacant or when a judge is absent from duty or from fiji or is, for any reason, unable to perform the functions of office.","na peresitedi me na digitaka e dua me taura vakatawa na itutu ni daunilewa ena mataveilewai e cake, mai na vakatutu ni matabose veiqaravi ni mataveilewai salamuria na ivakasala ni vunilawa, ena gauna e lala kina na itutu se ena gauna e yali se gole kina vakacakacaka i vanuatani na daunilewa, se ena dua na inaki e sega ni qarava rawa kina na nona itavi.",-0.037683625,True
legal,fj->en,constitution|102(4),"na peresitedi me na digitaka e dua me taura vakatawa na itutu ni daunilewa ena mataveilewai e cake, mai na vakatutu ni matabose veiqaravi ni mataveilewai salamuria na ivakasala ni vunilawa, ena gauna e lala kina na itutu se ena gauna e yali se gole kina vakacakacaka i vanuatani na daunilewa, se ena dua na inaki e sega ni qarava rawa kina na nona itavi.","the president may, on the recommendation of the judicial services commission following consultation by it with the attorney-general, appoint a person to act as a judge of the high court during any period or during all periods, when an office of a judge of the high court is vacant or when a judge is absent from duty or from fiji or is, for any reason, unable to perform the functions of office.",-0.037683625,True
legal,en->fj,constitution|35,right to housing and sanitation,dodonu ni veivakavaletaki kei na tikosavasava,-0.037209395,True
legal,fj->en,constitution|35,dodonu ni veivakavaletaki kei na tikosavasava,right to housing and sanitation,-0.037209384,True
legal,fj->en,constitution|157(18),kevaka e sega na gauna yalataki me qaravi kina e dua na itavi e na ena gauna e gadrevi kina.,"if a particular time is not prescribed by this constitution for performing a required act, the act must be done without unreasonable delay, and as often as the occasion requires.",-0.036413,True
legal,en->fj,constitution|157(18),"if a particular time is not prescribed by this constitution for performing a required act, the act must be done without unreasonable delay, and as often as the occasion requires.",kevaka e sega na gauna yalataki me qaravi kina e dua na itavi e na ena gauna e gadrevi kina.,-0.036413,True
medical,fj->en,medical|medical_misc|568634bf001e,Na itukutuku oqori e rawa ni sauma e vuqa na taro e tiko vei iko.,These resources can answer many questions you may have.,-0.03617776,True
medical,en->fj,medical|medical_misc|568634bf001e,These resources can answer many questions you may have.,Na itukutuku oqori e rawa ni sauma e vuqa na taro e tiko vei iko.,-0.03617776,True
legal,en->fj,constitution|109(8),"the authority, functions and responsibilities of the commission shall be prescribed by written law, and a written law may make further provisions for the commission.","na kaukauwa, kei na itavi ni matabose e yavutaki ena lawa tabaki ka na rawa tale ga ni vakarautaki ena lawa tabaki na ikuri ni itavi ni matabose.",-0.035491787,True
legal,fj->en,constitution|109(8),"na kaukauwa, kei na itavi ni matabose e yavutaki ena lawa tabaki ka na rawa tale ga ni vakarautaki ena lawa tabaki na ikuri ni itavi ni matabose.","the authority, functions and responsibilities of the commission shall be prescribed by written law, and a written law may make further provisions for the commission.",-0.035491787,True
legal,en->fj,constitution|134(6)(h),public service commission;,matabose ni veiqaravi vakamatanitu;,-0.034950927,True
legal,fj->en,constitution|134(6)(h),matabose ni veiqaravi vakamatanitu;,public service commission;,-0.034950927,True
dictionary,fj->en,dictionary|dictionary_parallel_fj2en|0005765,house-site,"for fear of body parts being taken for witchcraft. sometimes bodies were hidden away in caves. there were no elaborate funeral actions except for chiefs, when it was mainly a matter of",-0.034865994,True
legal,fj->en,constitution|134(6)(c),matabose veiqaravi ni mataveilewai;,judicial services commission;,-0.034596365,True
legal,en->fj,constitution|134(6)(c),judicial services commission;,matabose veiqaravi ni mataveilewai;,-0.034596365,True
dictionary,fj->en,dictionary|dictionary_parallel_fj2en|0006149,extends to,"samoa, tonga, known there as lup e (equivalent of fijian ruve). in fiji the fairly common",-0.034018308,True
legal,en->fj,constitution|8(6)(c),"provides for the extradition, on the order of the high court, of a person from fiji;","vakasavi e dua na tamata e viti, ena vakatulewa ni mataveilewai e cake;",-0.032321528,True
legal,fj->en,constitution|8(6)(c),"vakasavi e dua na tamata e viti, ena vakatulewa ni mataveilewai e cake;","provides for the extradition, on the order of the high court, of a person from fiji;",-0.032321528,True
dictionary,fj->en,dictionary|dictionary_parallel_fj2en|0007525,respond,"to a simple stirring of the water but that is not traditional.) the same species is known at naweni, cakaudrove province, and at a one-hectare limestone island in the philippines where they are called pulang payasan. there are other species at vatulele, smaller ones, that local fijians assume",-0.032147072,True
dictionary,fj->en,dictionary|dictionary_parallel_fj2en|0003157,opposite,"bau island. it became the name of a super-tribe, combining tribe vusaratu and tribe tui kaba. kubuna later became a native state (matanitu).",-0.031894878,True
legal,fj->en,constitution|109(15),"na matabose e tu vua na kaukauwa me vakatulewataka na veika vakacakacaka me baleti ira na vakailesilesi ena matabose, okati kina—","the commission has the authority to determine all matters pertaining to the employment of all staff in the commission, including—",-0.031811923,True
legal,en->fj,constitution|109(15),"the commission has the authority to determine all matters pertaining to the employment of all staff in the commission, including—","na matabose e tu vua na kaukauwa me vakatulewataka na veika vakacakacaka me baleti ira na vakailesilesi ena matabose, okati kina—",-0.031811923,True
dictionary,fj->en,dictionary|dictionary_parallel_fj2en|0003948,major,"starch-food staple, along with rice. more commonly called tavioka in fij i. in fiji the cultivars are non-toxic. overseas some are toxic.",-0.031585418,True
legal,fj->en,constitution|160,iwalewale ni kena veisautaki,procedure for amendment,-0.031575046,True
legal,en->fj,constitution|160,procedure for amendment,iwalewale ni kena veisautaki,-0.031575017,True
dictionary,fj->en,dictionary|dictionary_parallel_fj2en|0001331,qele boro damudamu,"land red-lined, from extinct clans, now classified as state land, or in some cases, reallocated to clans that have little land.",-0.031152282,True
dictionary,fj->en,dictionary|dictionary_parallel_fj2en|0008801,black,"fruit, a drupe. yaro is also p. serratifolia, a similar coastal species, very resticted in distribution,",-0.030788891,True
legal,fj->en,constitution|82(b),lewenivanua ga e viti;,holds only a fijian citizenship;,-0.029880809,True
legal,en->fj,constitution|82(b),holds only a fijian citizenship;,lewenivanua ga e viti;,-0.029880779,True
legal,en->fj,constitution|1(7),"subject to the provisions of this constitution, laws made, and administrative and judicial actions taken, after the commencement of this constitution, are subject to the provisions of this chapter.","kevaka e dua tale na tikina ena yavunivakavulewa qo e yalana, na lawa buli, na veiqaravi kei na lewa e tau ni sa taurivaki na yavunivakavulewa qo, era na vakarurugi ena wase qo.",-0.02979635,True
legal,fj->en,constitution|1(7),"kevaka e dua tale na tikina ena yavunivakavulewa qo e yalana, na lawa buli, na veiqaravi kei na lewa e tau ni sa taurivaki na yavunivakavulewa qo, era na vakarurugi ena wase qo.","subject to the provisions of this constitution, laws made, and administrative and judicial actions taken, after the commencement of this constitution, are subject to the provisions of this chapter.",-0.02979635,True
dictionary,fj->en,dictionary|dictionary_parallel_fj2en|0008370,wa,"coro n. thin, strong vine, white sweet-smelling flowers, small black fruit. useful for binding, gynochthodes ovalifolia, rubiaceae.",-0.029382054,True
dictionary,fj->en,dictionary|dictionary_parallel_fj2en|0005794,expropriated,"the land. some of their land claims are disputed by fijians. sawani is a place-name on the waimanu river, location of adi cakobau school.",-0.029038558,True
dictionary,fj->en,dictionary|dictionary_parallel_fj2en|0003315,when,"the tuber is rather overly mature. the leaf-rib s are all stripped out carefully, and the leaf is",-0.028916162,True
dictionary,fj->en,dictionary|dictionary_parallel_fj2en|0003500,immigrants,who were pygmy-size. there is no fantasy associated with them. they are distinct from,-0.028726522,True
legal,en->fj,constitution|88(4),"in deciding whether to remove the president from office, parliament must act in accordance with the advice given by the tribunal or the medical board, as the case may be.","ena kena vakatulewataki na vakacegui ni peresitedi, na palimedi me na vakatulewa vakamatau ka salavata na ivakasala ni mataveivaqaqai kei na matabose ni bula.",-0.028487705,True
legal,fj->en,constitution|88(4),"ena kena vakatulewataki na vakacegui ni peresitedi, na palimedi me na vakatulewa vakamatau ka salavata na ivakasala ni mataveivaqaqai kei na matabose ni bula.","in deciding whether to remove the president from office, parliament must act in accordance with the advice given by the tribunal or the medical board, as the case may be.",-0.028487705,True
legal,fj->en,constitution|149(a),"tauyavutaka e dua na ivakarau ni cakacaka e veiganiti vua na peresitedi, sipika, ivukevuke ni sipika, paraiminisita, minisita, lewenipalimedi, o ira na taura na itutu ni valenivolavola a tauyavutaka se tomani na kena qaravi ena yavunivakavulewa qo se ena lawa tabaki, lewenimatabose, vunivola tudei, mataki se ira na mata ni matanitu kei ira na taura na itutu e tauyavutaki vakalawa se ira na veiliutaki ena veitabacakacaka e tauyavutaki vakalawa, kei na vakailesilesi tale e so (oka kina na valenivolavola ni lewenivanua ) me vaka e virikotori ena lawa tabaki;","of the assets and liabilities and financial interests of the officer, and of such other direct relatives of the officer as may be prescribed, to the accountability and transparency commission, and for such declarations to be accessible to the public. freedom of information",-0.028203689,True
legal,en->fj,constitution|149(a),"of the assets and liabilities and financial interests of the officer, and of such other direct relatives of the officer as may be prescribed, to the accountability and transparency commission, and for such declarations to be accessible to the public. freedom of information","tauyavutaka e dua na ivakarau ni cakacaka e veiganiti vua na peresitedi, sipika, ivukevuke ni sipika, paraiminisita, minisita, lewenipalimedi, o ira na taura na itutu ni valenivolavola a tauyavutaka se tomani na kena qaravi ena yavunivakavulewa qo se ena lawa tabaki, lewenimatabose, vunivola tudei, mataki se ira na mata ni matanitu kei ira na taura na itutu e tauyavutaki vakalawa se ira na veiliutaki ena veitabacakacaka e tauyavutaki vakalawa, kei na vakailesilesi tale e so (oka kina na valenivolavola ni lewenivanua ) me vaka e virikotori ena lawa tabaki;",-0.028203689,True
conversational,fj->en,conversational|years_9_10|00095,sa daro na bose nimataka.,tomorrow’s meeting is cancelled.,-0.027314093,True
conversational,en->fj,conversational|years_9_10|00095,tomorrow’s meeting is cancelled.,sa daro na bose nimataka.,-0.027314074,True
dictionary,fj->en,dictionary|dictionary_parallel_fj2en|0002430,norway,"rat is also responsible for carrying the flea that is the vector for bubonic plague, which has never been know to occur in fiji. surprisingly, there are some fifteen cases a year in the u .s.a.",-0.026600948,True
dictionary,fj->en,dictionary|dictionary_parallel_fj2en|0002067,nothing,more is known of their old relationship. it is well known that the ancestral god degei takes,-0.025932275,True
legal,en->fj,constitution|133,"the constitutional offices commission has such functions and responsibilities as prescribed in this constitution or by any other written law, and shall be responsible for providing advice to the president for the appointment of the following offices—","na matabose ni valenivolavola ni yavunivakavulewa e yavutaki na nona itavi ena yavunivakavulewa qo kei na lawa tabaki tale e so, me soli ivakasala vua na peresitedi ena kena digitaki na—",-0.025728054,True
legal,fj->en,constitution|133,"na matabose ni valenivolavola ni yavunivakavulewa e yavutaki na nona itavi ena yavunivakavulewa qo kei na lawa tabaki tale e so, me soli ivakasala vua na peresitedi ena kena digitaki na—","the constitutional offices commission has such functions and responsibilities as prescribed in this constitution or by any other written law, and shall be responsible for providing advice to the president for the appointment of the following offices—",-0.025728054,True
dictionary,fj->en,dictionary|dictionary_parallel_fj2en|0003159,kubu-i-sue,"lower, less prestigious and less private end of a house where the cooking was done in a corner, in former times. for fire safety, the british required that a kitchen house be built next to the",-0.025003256,True
legal,en->fj,constitution|146(q),the chairperson and members of the public service disciplinary tribunal;,na jemeni kei na lewe ni mataveivaqaqai ni kudru ni veiqaravi vakamatanitu;,-0.02484421,True
legal,fj->en,constitution|146(q),na jemeni kei na lewe ni mataveivaqaqai ni kudru ni veiqaravi vakamatanitu;,the chairperson and members of the public service disciplinary tribunal;,-0.024844194,True
medical,en->fj,medical|medical_misc|983a2ced9ae5,A medical certificate can provide 14 days of self-isolation at home.,Na ivola ni tauvimate e rawa ni solia na 14 na siga ni tiko vakatikitiki e vale.,-0.024704125,True
medical,fj->en,medical|medical_misc|983a2ced9ae5,Na ivola ni tauvimate e rawa ni solia na 14 na siga ni tiko vakatikitiki e vale.,A medical certificate can provide 14 days of self-isolation at home.,-0.024704125,True
medical,en->fj,medical|medical_misc|7b747939edc5,"If you experience difficulty breathing, seek immediate medical attention.","Kevaka o vakila na taqa ni icegu, qarai vakatotolo na veivuke vakavuniwai.",-0.024701163,True
medical,fj->en,medical|medical_misc|7b747939edc5,"Kevaka o vakila na taqa ni icegu, qarai vakatotolo na veivuke vakavuniwai.","If you experience difficulty breathing, seek immediate medical attention.",-0.024701163,True
dictionary,fj->en,dictionary|dictionary_parallel_fj2en|0001678,been totally,"autocratic, including choice of the script of teaching. meetings are held in private homes.",-0.024582656,True
dictionary,fj->en,dictionary|dictionary_parallel_fj2en|0000081,established,"commercial variety is the ripley queen, small, very thorny, very juicy and sweet. the",-0.024320811,True
dictionary,fj->en,dictionary|dictionary_parallel_fj2en|0005590,is,"village qoma, formerly turtle fishermen for verata, located on two very small islands off the northern coast of tailevu.",-0.024254369,True
dictionary,fj->en,dictionary|dictionary_parallel_fj2en|0003715,number no longer,attend christian services. indigenous spirits and religious notions co-exist with fijian versions of christianity.,-0.023646705,True
legal,en->fj,constitution|109(14),"the commission shall have the authority to appoint, remove and discipline all staff (including administrative staff) in the commission.","na matabose e tu vua na kaukauwa me vakacakacakataka, vakaceguya, se totogitaka na vakailesilesi taucoko (oka kina o ira na veiqaravi e valenivolavola) ena valenivolavola ni matabose.",-0.022881432,True
legal,fj->en,constitution|109(14),"na matabose e tu vua na kaukauwa me vakacakacakataka, vakaceguya, se totogitaka na vakailesilesi taucoko (oka kina o ira na veiqaravi e valenivolavola) ena valenivolavola ni matabose.","the commission shall have the authority to appoint, remove and discipline all staff (including administrative staff) in the commission.",-0.022881432,True
legal,en->fj,constitution|88(3)(c),"the tribunal or medical board shall enquire into the matter and furnish a written report, including its advice on whether the president should be removed from office, to the chief justice, who shall refer the report to the prime minister for tabling in parliament.","mataveivaqaqai se matabose ni bula me dikeva na leqa qo qai vakarautaka e dua na kena ripote vua na navosavakadua, oka ena ripote na vakatutu ni nona vakacegui na peresitedi. navosavakadua ena qai vagolea na ripote vua na paraiminisita me na qai vakaraitaka ena palimedi.",-0.022783969,True
legal,fj->en,constitution|88(3)(c),"mataveivaqaqai se matabose ni bula me dikeva na leqa qo qai vakarautaka e dua na kena ripote vua na navosavakadua, oka ena ripote na vakatutu ni nona vakacegui na peresitedi. navosavakadua ena qai vagolea na ripote vua na paraiminisita me na qai vakaraitaka ena palimedi.","the tribunal or medical board shall enquire into the matter and furnish a written report, including its advice on whether the president should be removed from office, to the chief justice, who shall refer the report to the prime minister for tabling in parliament.",-0.022783969,True
dictionary,fj->en,dictionary|dictionary_parallel_fj2en|0004452,hanging,"it over a fireplace for a few days. this facilitates removing the skin, and may sweeten the fruit. fijians used juice from the leaves to treat external infections and indeed, the plant has been",-0.022537723,True
dictionary,fj->en,dictionary|dictionary_parallel_fj2en|0000379,wetness,"well. bananas were grown in the highlands, but also taro and yaqona, and then transported",-0.022255536,True
legal,en->fj,constitution|8(2)(e),"for the purposes of regulating collective bargaining processes, providing mechanisms for the resolution of employment disputes and grievances, and regulating strikes and lockouts; or","me kua ni vesu, vakavo ke sa sega tale ni dua na iwali e tiko, ia kevaka e vesu, me—",-0.022106962,True
legal,fj->en,constitution|8(2)(e),"me kua ni vesu, vakavo ke sa sega tale ni dua na iwali e tiko, ia kevaka e vesu, me—","for the purposes of regulating collective bargaining processes, providing mechanisms for the resolution of employment disputes and grievances, and regulating strikes and lockouts; or",-0.022106873,True
legal,fj->en,constitution|124(7)(a),digitaka na vakailesilesi ni tabana ni veivakadodonutaki e viti;,to appoint persons to the fiji corrections service;,-0.022093147,True
legal,en->fj,constitution|124(7)(a),to appoint persons to the fiji corrections service;,digitaka na vakailesilesi ni tabana ni veivakadodonutaki e viti;,-0.022093147,True
legal,en->fj,constitution|109(11),"the members of the commission shall be entitled to such remuneration as determined by the president acting on the advice of the judicial services commission following consultation by the judicial services commission with the attorney-general, and any such remuneration must not be varied to their disadvantage, except as part of an overall austerity reduction similarly applicable to all officers of the state.","na lewenimatabose me na saumi ena isau ni veiqaravi e vakatautaka na peresitedi ena ivakasala ni matabose veiqaravi ni mataveilewai ni salamuria na veitalanoa kei na vunilawa, ia na isau me kua ni veisautaki vakavo ke vakayacori e dua na veisau me vakalailaitaki kina na isau, na veisau me vakayacori vakatautauvata vei ira kece na vakailesilesi vakamatanitu.",-0.021830179,True
legal,fj->en,constitution|109(11),"na lewenimatabose me na saumi ena isau ni veiqaravi e vakatautaka na peresitedi ena ivakasala ni matabose veiqaravi ni mataveilewai ni salamuria na veitalanoa kei na vunilawa, ia na isau me kua ni veisautaki vakavo ke vakayacori e dua na veisau me vakalailaitaki kina na isau, na veisau me vakayacori vakatautauvata vei ira kece na vakailesilesi vakamatanitu.","the members of the commission shall be entitled to such remuneration as determined by the president acting on the advice of the judicial services commission following consultation by the judicial services commission with the attorney-general, and any such remuneration must not be varied to their disadvantage, except as part of an overall austerity reduction similarly applicable to all officers of the state.",-0.021830179,True
dictionary,fj->en,dictionary|dictionary_parallel_fj2en|0007500,saddleback,"snapper, paracaesio kusakarii, with four dark yellow patch on its sides, against a sight silver background. there is a very similar species, somehat smaller, p. stonei, cocoa snapper, that has three or four dark patches on each side, against a yellowish background.",-0.021478053,True
legal,en->fj,constitution|52(3)(e),"any office in a state service, including public service and the disciplined force;","na valenivolavola ni matanitu, okati kina na vakailesilesi vakamatanitu, kei na tabana ni veitaqomaki;",-0.021463834,True
legal,fj->en,constitution|52(3)(e),"na valenivolavola ni matanitu, okati kina na vakailesilesi vakamatanitu, kei na tabana ni veitaqomaki;","any office in a state service, including public service and the disciplined force;",-0.021463834,True
legal,fj->en,constitution|1(6),"kevaka e dua tale na tikina ena yavunivakavulewa qo e yalana, na wase qo e okati kina na lawa taucoko ena gauna sa taurivaki kina na yavunivakavulewa qo.","subject to the provisions of this constitution, this chapter applies to all laws in force at the commencement of this constitution.",-0.021265902,True
legal,en->fj,constitution|1(6),"subject to the provisions of this constitution, this chapter applies to all laws in force at the commencement of this constitution.","kevaka e dua tale na tikina ena yavunivakavulewa qo e yalana, na wase qo e okati kina na lawa taucoko ena gauna sa taurivaki kina na yavunivakavulewa qo.",-0.021265902,True
